<?xml version="1.0" encoding="UTF-8"?>
<?xml-model href="index.xsd" type="application/xml" schematypens="http://www.w3.org/2001/XMLSchema"?>
<?xml-stylesheet href="main.xsl" type="text/xsl"?>
<Company>
    <Employee id="1">
        <Emp-name>Joseph K Iype</Emp-name>
        <Emp-age>41</Emp-age>
        <Emp-salary>150000</Emp-salary>
        <Emp-emailid>ashwin@gmail.com</Emp-emailid>
        <Emp-phonenum>9100110090</Emp-phonenum>
        <Emp-designation>Project Manager</Emp-designation>
    </Employee>
    <Employee id="2">
        <Emp-name>Melvin Suresh</Emp-name>
        <Emp-age>20</Emp-age>
        <Emp-salary>120000</Emp-salary>
        <Emp-emailid>melvin@gmail.com</Emp-emailid>
        <Emp-phonenum>9780110090</Emp-phonenum>
        <Emp-designation>Technical Lead</Emp-designation>
    </Employee>
    <Employee id="3">
        <Emp-name>Amey Rajan</Emp-name>
        <Emp-age>52</Emp-age>
        <Emp-salary>100000</Emp-salary>
        <Emp-emailid>amey@gmail.com</Emp-emailid>
        <Emp-phonenum>9100119890</Emp-phonenum>
        <Emp-designation>Senior Developer</Emp-designation>
    </Employee>
    <Employee id="4">
        <Emp-name>Tanuja S</Emp-name>
        <Emp-age>45</Emp-age>
        <Emp-salary>75000</Emp-salary>
        <Emp-emailid>tanuja@gmail.com</Emp-emailid>
        <Emp-phonenum>9100116540</Emp-phonenum>
        <Emp-designation>Junior Developer</Emp-designation>
    </Employee>
    <Employee id="5">
        <Emp-name>Esther Namratha</Emp-name>
        <Emp-age>21</Emp-age>
        <Emp-salary>75000</Emp-salary>
        <Emp-emailid>esther@gmail.com</Emp-emailid>
        <Emp-phonenum>9335110090</Emp-phonenum>
        <Emp-designation>Junior Developer</Emp-designation>
    </Employee>
    <Employee id="6">
        <Emp-name>Sam Jose</Emp-name>
        <Emp-age>25</Emp-age>
        <Emp-salary>90000</Emp-salary>
        <Emp-emailid>sam@gmail.com</Emp-emailid>
        <Emp-phonenum>9100789090</Emp-phonenum>
        <Emp-designation>Tester</Emp-designation>
    </Employee>
    <Employee id="7">
        <Emp-name>Vaibhav Girish</Emp-name>
        <Emp-age>51</Emp-age>
        <Emp-salary>80000</Emp-salary>
        <Emp-emailid>vaibhav@gmail.com</Emp-emailid>
        <Emp-phonenum>9108760090</Emp-phonenum>
        <Emp-designation>UI/UX Designer</Emp-designation>
    </Employee>
    <Employee id="8">
        <Emp-name>Madhavi Suresh</Emp-name>
        <Emp-age>22</Emp-age>
        <Emp-salary>110000</Emp-salary>
        <Emp-emailid>madhavi@gmail.com</Emp-emailid>
        <Emp-phonenum>9187110090</Emp-phonenum>
        <Emp-designation>Technical Writer</Emp-designation>
    </Employee>
</Company>